Mot,md_r3_1,md_r3_2,md_r3_3,md_r3_4,md_r3_5,md_r3_6,md_r3_7,md_r3_8,md_r3_9,md_r3_10,md_r3_11,md_r3_12,md_r3_13,md_r3_14,md_r3_15,md_r3_16,md_r3_17,md_r3_18,md_r3_19,md_r3_20,md_r3_21,md_r3_22,md_r3_23,md_r3_24,md_r3_25,md_r3_26,md_r3_27,md_r3_28,md_r3_29,md_r3_30,md_r3_31,md_r3_32,md_r3_33,md_r3_34,md_r3_35,md_r3_36,md_r3_37,md_r3_38,md_r3_39,md_r3_40,md_r3_41,md_r3_42,md_r3_43,md_r3_44,md_r3_45,md_r3_46,md_r3_47,md_r3_48,md_r3_49,md_r3_50,md_r3_51,md_r3_52,md_r3_53,md_r3_54,md_r3_55,md_r3_56,md_r3_57,md_r3_58,md_r3_59,md_r3_60,md_r3_61,md_r3_62,md_r3_63,md_r3_64,md_r3_65,md_r3_66,md_r3_67,md_r3_68,md_r3_69,md_r3_70,md_r3_71,md_r3_72,md_r3_73,md_r3_74,md_r3_75,md_r3_76,md_r3_77,md_r3_78,md_r3_79,md_r3_80,md_r3_81,md_r3_82,md_r3_83,md_r3_84,md_r3_85,md_r3_86,md_r3_87,md_r3_88,md_r3_89,md_r3_90,md_r3_91,md_r3_92,md_r3_93,md_r3_94,md_r3_95,md_r3_96,md_r3_97,md_r3_98,md_r3_99,md_r3_100,md_r3_101,md_r3_102,md_r3_103,md_r3_104,md_r3_105,md_r3_106,md_r3_107,md_r3_108,md_r3_109,md_r3_110,md_r3_111,md_r3_112,md_r3_113,md_r3_114,md_r3_115,md_r3_116,md_r3_117,md_r3_118,md_r3_119,md_r3_120,md_r3_121,md_r3_122,md_r3_123,md_r3_124,md_r3_125,md_r3_126,md_r3_127,md_r3_128,md_r3_129,md_r3_130,md_r3_131,md_r3_132,md_r3_133,md_r3_134,md_r3_135,md_r3_136,md_r3_137,md_r3_138,md_r3_139,md_r3_140,md_r3_141,md_r3_142,md_r3_143,md_r3_144,md_r3_145,md_r3_146,md_r3_147,md_r3_148,md_r3_149,md_r3_150,md_r3_151,md_r3_152,md_r3_153,md_r3_154,md_r3_155,md_r3_156,md_r3_157,md_r3_158,md_r3_159,md_r3_160,md_r3_161,md_r3_162,md_r3_163,md_r3_164,md_r3_165,md_r3_166,md_r3_167,md_r3_168,md_r3_169,md_r3_170,md_r3_171,md_r3_172,md_r3_173,md_r3_174,md_r3_175,md_r3_176,md_r3_177,md_r3_178,md_r3_179,md_r3_180,md_r3_181,md_r3_182,md_r3_183,md_r3_184,md_r3_185,md_r3_186,md_r3_187,md_r3_188,md_r3_189,md_r3_190,md_r3_191,md_r3_192,md_r3_193,md_r3_194,md_r3_195,md_r3_196,md_r3_197,md_r3_198,md_r3_199,md_r3_200,md_r3_201,md_r3_202,md_r3_203,md_r3_204,md_r3_205,md_r3_206,md_r3_207,md_r3_208,md_r3_209,md_r3_210,md_r3_211,md_r3_212,md_r3_213,md_r3_214,md_r3_215,md_r3_216,md_r3_217,md_r3_218,md_r3_219,md_r3_220,md_r3_221,md_r3_222,md_r3_223,md_r3_224,md_r3_225,md_r3_226,md_r3_227,md_r3_228,md_r3_229,md_r3_230,md_r3_231,md_r3_232,md_r3_233,md_r3_234,md_r3_235,md_r3_236,md_r3_237,md_r3_238,md_r3_239,md_r3_240,md_r3_241,md_r3_242,md_r3_243,md_r3_244,md_r3_245,md_r3_246,md_r3_247,md_r3_248,md_r3_249,md_r3_250,md_r3_251,md_r3_252,md_r3_253,md_r3_254,md_r3_255,md_r3_256,md_r3_257,md_r3_258,md_r3_259,md_r3_260,md_r3_261,md_r3_262,md_r3_263,md_r3_264,md_r3_265,md_r3_266,md_r3_267,md_r3_268,md_r3_269,md_r3_270,md_r3_271,md_r3_272,md_r3_273,md_r3_274,md_r3_275,md_r3_276,md_r3_277,md_r3_278,md_r3_279,md_r3_280,md_r3_281,md_r3_282,md_r3_283,md_r3_284,md_r3_285,md_r3_286,md_r3_287,md_r3_288,md_r3_289,md_r3_290,md_r3_291,md_r3_292,md_r3_293,md_r3_294,md_r3_295,md_r3_296,md_r3_297,md_r3_298,md_r3_299,md_r3_300,md_r3_301,md_r3_302,md_r3_303,md_r3_304,md_r3_305,md_r3_306,md_r3_307,md_r3_308,md_r3_309,md_r3_310,md_r3_311,md_r3_312,md_r3_313,md_r3_314,md_r3_315,md_r3_316,md_r3_317,md_r3_318,md_r3_319,md_r3_320,md_r3_321,md_r3_322,md_r3_323,md_r3_324,md_r3_325,md_r3_326,md_r3_327,md_r3_328,md_r3_329,md_r3_330,md_r3_331,md_r3_332,md_r3_333,md_r3_334,md_r3_335,md_r3_336,md_r3_337,md_r3_338,md_r3_339,md_r3_340,md_r3_341,md_r3_342,md_r3_343,md_r3_344,md_r3_345,md_r3_346,md_r3_347,md_r3_348,md_r3_349,md_r3_350,md_r3_351,md_r3_352,md_r3_353,md_r3_354,md_r3_355,md_r3_356,md_r3_357,md_r3_358,md_r3_359,md_r3_360,md_r3_361,md_r3_362,md_r3_363,md_r3_364,md_r3_365,md_r3_366,md_r3_367,md_r3_368,md_r3_369,md_r3_370,md_r3_371,md_r3_372,md_r3_373,md_r3_374,md_r3_375,md_r3_376,md_r3_377,md_r3_378,md_r3_379,md_r3_380,md_r3_381,md_r3_382,md_r3_383,md_r3_384,md_r3_385,md_r3_386,md_r3_387,md_r3_388,md_r3_389,md_r3_390,md_r3_391,md_r3_392,md_r3_393,md_r3_394,md_r3_395,md_r3_396,md_r3_397,md_r3_398,md_r3_399,md_r3_400,md_r3_401,md_r3_402,md_r3_403,md_r3_404,md_r3_405,md_r3_406,md_r3_407,md_r3_408,md_r3_409,md_r3_410,md_r3_411,md_r3_412,md_r3_413,md_r3_414,md_r3_415,md_r3_416,md_r3_417,md_r3_418,md_r3_419,md_r3_420,md_r3_421,md_r3_422,md_r3_423,md_r3_424,md_r3_425,md_r3_426,md_r3_427,md_r3_428,md_r3_429,md_r3_430,md_r3_431,md_r3_432,md_r3_433,md_r3_434,md_r3_435,md_r3_436,md_r3_437,md_r3_438,md_r3_439,md_r3_440,md_r3_441,md_r3_442,md_r3_443,md_r3_444,md_r3_445,md_r3_446,md_r3_447,md_r3_448,md_r3_449,md_r3_450,md_r3_451,md_r3_452,md_r3_453,md_r3_454,md_r3_455,md_r3_456,md_r3_457,md_r3_458,md_r3_459,md_r3_460,md_r3_461,md_r3_462,md_r3_463,md_r3_464,md_r3_465,md_r3_466,md_r3_467,md_r3_468,md_r3_469,md_r3_470,md_r3_471,md_r3_472,md_r3_473,md_r3_474,md_r3_475,md_r3_476,md_r3_477,md_r3_478,md_r3_479,md_r3_480,md_r3_481,md_r3_482,md_r3_483,md_r3_484,md_r3_485,md_r3_486,md_r3_487,md_r3_488,md_r3_489,md_r3_490,md_r3_491,md_r3_492,md_r3_493,md_r3_494,md_r3_495,md_r3_496,md_r3_497,md_r3_498,md_r3_499,md_r3_500
a capella,acabit,acabits,acacia,acacias,acadien,acadienne,acadiens,académicien,académiciens,académie,académies,académique,académiquement,académiques,académisme,académisé,acagnardai,acagnardait,acagnarder,acagnardé,acagnardée,acajou,acajous,acariens,acariâtre,acariâtres,accabla,accablai,accablaient,accablais,accablait,accablant,accablante,accablantes,accablants,accable,accablement,accablements,accablent,accabler,accableraient,accablez,accablions,accablât,accablèrent,accablé,accablée,accablées,accablés,accalmie,accalmies,accalmit,accastillage,accastillages,akkadien,akkadienne,haka,hakka
a cappella,acabit,acabits,acacia,acacias,acadien,acadienne,acadiens,académicien,académiciens,académie,académies,académique,académiquement,académiques,académisme,académisé,acagnardai,acagnardait,acagnarder,acagnardé,acagnardée,acajou,acajous,acariens,acariâtre,acariâtres,accabla,accablai,accablaient,accablais,accablait,accablant,accablante,accablantes,accablants,accable,accablement,accablements,accablent,accabler,accableraient,accablez,accablions,accablât,accablèrent,accablé,accablée,accablées,accablés,accalmie,accalmies,accalmit,accastillage,accastillages,akkadien,akkadienne,haka,hakka
a contrario,accompagna,accompagnai,accompagnaient,accompagnais,accompagnait,accompagnant,accompagnateur,accompagnateurs,accompagnatrice,accompagnatrices,accompagne,accompagnement,accompagnements,accompagnent,accompagner,accompagnera,accompagnerai,accompagneraient,accompagnerais,accompagnerait,accompagneras,accompagnerez,accompagneriez,accompagnerons,accompagneront,accompagnes,accompagnez,accompagniez,accompagnions,accompagnons,accompagnâmes,accompagnât,accompagnèrent,accompagné,accompagnée,accompagnées,accompagnés,accompli,accomplie,accomplies,accomplir,accomplira,accomplirai,accompliraient,accomplirais,accomplirait,accompliras,accomplirent,accomplirez,accomplirons,accompliront,accomplis,accomplissaient,accomplissais,accomplissait,accomplissant,accomplisse,accomplissement,accomplissements,accomplissent,accomplissez,accomplissiez,accomplissions,accomplissons,accomplit,accomplît,achondroplasie,achondroplasies
a fortiori,affole,affolement,affolent,affolera,affolerais,affolerait,affoleront,affoles,aphone,aphones
a giorno,adja,adjacent,adjacente,adjacentes,adjacents,adjas,adjectif,adjectifs,adjective,adjoignait,adjoignant,adjoigne,adjoignit,adjoignît,adjoindra,adjoindre,adjoindront,adjoins,adjoint,adjointe,adjointes,adjoints,adjonction,adjudant,adjudant-chef,adjudant-major,adjudants,adjudants-chefs,adjudication,adjudications,adjuge,adjugeait,adjugeant,adjuger,adjugez,adjugé,adjugée,adjugés,adjupète,adjupètes,adjura,adjurai,adjuraient,adjurais,adjurait,adjurant,adjuration,adjurations,adjure,adjurer,adjurerai,adjurerait,adjuré,adjutrice,adjuvants,hadj,hadji
a l'instar,alain,à l'improviste
a posteriori,apoptose,appoggiature,apport,apporta,apportai,apportaient,apportais,apportait,apportant,apportas,apporte,apportent,apporter,apportera,apporterai,apporteraient,apporterais,apporterait,apporteras,apporterez,apporteriez,apporterons,apporteront,apportes,apportez,apportiez,apportions,apportons,apports,apportât,apportèrent,apporté,apportée,apportées,apportés
a priori,apprenaient,apprenais,apprenait,apprenant,apprend,apprendra,apprendrai,apprendraient,apprendrais,apprendrait,apprendras,apprendre,apprendrez,apprendriez,apprendrions,apprendrons,apprendront,apprends,apprenez,appreniez,apprenions,apprenne,apprennent,apprennes,apprenons,apprenti,apprenti-pilote,apprenti-sorcier,apprentie,apprenties,apprentis,apprentissage,apprentissages,approbateur,approbateurs,approbatif,approbation,approbations,approbativement,approbatrice,approcha,approchai,approchaient,approchais,approchait,approchant,approchants,approchassent,approche,approchent,approcher,approchera,approcherai,approcherais,approcherait,approcheras,approcherez,approcherions,approcherons,approcheront,approches,approchez,approchiez,approchions,approchons,approchâmes,approchât,approchèrent,approché,approchée,approchées,approchés,approfondi,approfondie,approfondies,approfondir,approfondirai,approfondirent,approfondirions,approfondirons,approfondis,approfondissaient,approfondissais,approfondissait,approfondissant,approfondisse,approfondissement,approfondissent,approfondissons,approfondit,approfondît,appropriaient,appropriait,appropriant,appropriation,appropriations,approprie,approprient,approprier,approprieraient,approprierais,approprierait,approprieront,appropriez,approprié,appropriée,appropriées,appropriés,approuva,approuvai,approuvaient,approuvais,approuvait,approuvant,approuve,approuvent,approuver,approuvera,approuverai,approuverais,approuverait,approuveras,approuverons,approuveront,approuves,approuvez,approuviez,approuvions,approuvons,approuvâmes,approuvât,approuvèrent,approuvé,approuvée,approuvées,approuvés,approvisionnait,approvisionnant,approvisionne,approvisionnement,approvisionnements,approvisionnent,approvisionner,approvisionnera,approvisionniez,approvisionnons,approvisionné,approvisionnée,approvisionnées,approvisionnés,approximatif,approximatifs,approximation,approximations,approximative,approximativement,approximatives,apprécia,appréciable,appréciables,appréciai,appréciaient,appréciais,appréciait,appréciant,appréciateur,appréciation,appréciations,appréciatrice,apprécie,apprécient,apprécier,appréciera,apprécierai,apprécieraient,apprécierais,apprécierait,apprécieras,apprécierez,apprécieriez,apprécierions,apprécierons,apprécieront,apprécies,appréciez,appréciions,apprécions,appréciât,apprécièrent,apprécié,appréciée,appréciées,appréciés,appréhendai,appréhendaient,appréhendais,appréhendait,appréhendant,appréhende,appréhendent,appréhender,appréhendera,appréhenderons,appréhendez,appréhendions,appréhendons,appréhendé,appréhendée,appréhendées,appréhendés,appréhensif,appréhension,appréhensions,apprêt,apprêta,apprêtai,apprêtaient,apprêtais,apprêtait,apprêtant,apprête,apprêtent,apprêter,apprêterait,apprêtes,apprêtez,apprêtiez,apprêtions,apprêts,apprêtèrent,apprêté,apprêtée,apprêtées,apprêtés,aprèm,aprème,après,après-coup,après-demain,après-déjeuner,après-dîner,après-dîners,après-guerre,après-mort,après-rasage,après-repas,après-shampoing,après-shampooing,après-ski,après-vente,à-propos,âpre,âprement,âpres,âpreté,âpretés
ab absurdo,abaca,abalone,abalones,abaque,abasourdi,abasourdie,abasourdir,abasourdis,abasourdissant,abasourdissants,abat,abat-jour,abat-son,abatage,abatis,abats,abattage,abattages,abattaient,abattais,abattait,abattant,abattants,abatte,abattement,abattements,abattent,abattes,abatteur,abatteurs,abattez,abattiez,abattions,abattirent,abattis,abattit,abattoir,abattoirs,abattons,abattra,abattrai,abattraient,abattrais,abattrait,abattras,abattre,abattrez,abattriez,abattrons,abattront,abattu,abattue,abattues,abattures,abattus,abbatial,abbatiale,abbatiales,abâtardi,abâtardie,abâtardies,abâtardir,abâtardirai,abâtardissant,habanera
ab initio,abyme,abyssal,abyssale,abyssales,abysse,abysses,abyssin,abyssinien,abyssinienne,abyssins,abîma,abîmai,abîmaient,abîmait,abîmant,abîme,abîment,abîmer,abîmera,abîmerai,abîmerais,abîmerait,abîmeras,abîmerez,abîmeront,abîmes,abîmez,abîmions,abîmons,abîmé,abîmée,abîmées,abîmés,habile,habilement,habiles,habileté,habiletés,habilitation,habilitations,habilite,habilité,habilitée,habilitées,habilités,habilla,habillage,habillai,habillaient,habillais,habillait,habillant,habillas,habille,habillement,habillent,habiller,habillera,habillerai,habilleraient,habillerais,habillerait,habilleras,habillerez,habillerons,habilles,habilleur,habilleurs,habilleuse,habilleuses,habillez,habilliez,habillions,habillons,habillâmes,habillât,habillèrent,habillé,habillée,habillées,habillés,habit,habita,habitabilité,habitable,habitables,habitacle,habitacles,habitai,habitaient,habitais,habitait,habitant,habitante,habitants,habitassent,habitat,habitation,habitations,habitats,habite,habitent,habiter,habitera,habiterai,habiteraient,habiterais,habiterait,habiteras,habiterez,habiterions,habiterons,habiteront,habites,habitez,habitiez,habitions,habitons,habits,habitua,habituai,habituaient,habituais,habituait,habituant,habitude,habitudes,habitue,habituel,habituelle,habituellement,habituelles,habituels,habituent,habituer,habituera,habituerai,habitueraient,habituerais,habituerait,habitueras,habituerez,habituerons,habitueront,habitues,habituez,habituons,habitus,habituât,habituèrent,habitué,habituée,habituées,habitués,habitât,habitèrent,habité,habitée,habitées,habités,has been
ab ovo,aboli,abolie,abolies,abolir,abolira,abolirait,aboliras,abolis,abolissaient,abolissais,abolissait,abolissant,abolissent,abolissions,abolissons,abolit,abolition,abolitionniste,abolitionnistes,abominable,abominablement,abominables,abominaient,abomination,abominations,abomine,abominer,abonnai,abonner,abonnez,abonnât,abonné,abonnée,abonnées,abonnés,aborigène,aborigènes
abaca,ab absurdo,abalone,abalones,abasourdi,abasourdie,abasourdir,abasourdis,abasourdissant,abasourdissants,abat,abat-jour,abat-son,abatage,abatis,abats,abattage,abattages,abattaient,abattais,abattait,abattant,abattants,abatte,abattement,abattements,abattent,abattes,abatteur,abatteurs,abattez,abattiez,abattions,abattirent,abattis,abattit,abattoir,abattoirs,abattons,abattra,abattrai,abattraient,abattrais,abattrait,abattras,abattre,abattrez,abattriez,abattrons,abattront,abattu,abattue,abattues,abattures,abattus,abbatial,abbatiale,abbatiales,abâtardi,abâtardie,abâtardies,abâtardir,abâtardirai,abâtardissant,habanera
abaissa,abeille,abeilles,aberrant,aberrante,aberrantes,aberrants,aberration,aberrations
abaissai,abeille,abeilles,aberrant,aberrante,aberrantes,aberrants,aberration,aberrations
abaissaient,abeille,abeilles,aberrant,aberrante,aberrantes,aberrants,aberration,aberrations
abaissait,abeille,abeilles,aberrant,aberrante,aberrantes,aberrants,aberration,aberrations
abaissant,abeille,abeilles,aberrant,aberrante,aberrantes,aberrants,aberration,aberrations
abaissante,abeille,abeilles,aberrant,aberrante,aberrantes,aberrants,aberration,aberrations
